0,0BrbPbwCMz
3,19UbXBlPPK
4,2oNLCndtam
18,46z59pQP58
31,52vEY7f17k
38,5ey2xUDZTA
57,6W08a98ZQV
64,8o0mJnIpFH
71,8rsfNQdio8
89,9hs21hUG5O
96,b2W4ZO3uLV
112,g209g5Vve6
125,iyLqACAFyl
141,l8kuAhlIWI
145,QER9PsCgBT
163,Ugr5eIIEf0
183,XqBaV46VbC
192,y8BlGe62E7
201,yDO9pl8GC0
212,0jSb6S70X1
227,1to8tgu4IT
234,5LMy832c47
253,668lBbaKFE
267,6Ax4SKe470
287,6O31vedZbI
302,7oiAa7MlW2
307,879eYkR2Wu
324,8ZPoEJbXB7
336,9493h91NUB
349,AQfVkV1aEx
359,C18qWKq212
377,F25axtfCKG
385,PpTLi2Qz8E
402,tB4vqSxzqo
413,XNEgfvXx50
433,0w3IAZa8rQ
440,3hSu07XfGd
462,6bJ4auIa8L
477,CaA0123UJL
484,ey9rvMnU57
497,M7hLaVJGvX
508,mNzo8mGzu9
523,z9svx3mA4s
544,34f4oB5Cod
560,39Uc7ru04l
573,589M2uPIY4
583,6dGeA2ZpO4
584,77y7iIIXuv
601,7RB2G4NbCn
608,9eV0EGVC6j
617,c1zVCHxCEz
641,f4fNYL73Z2
648,Fx8d98DRud
658,jR1rpwLHNu
665,LM96hW22T2
677,oEt3YTvS4G
688,q9Pk62y29S
690,t0fI2c7EMH
697,XJyS25Yg27
716,jbw83hRJZQ
717,13yR9KFHCI
719,1z5YH40155
720,23T7Up1oQ6
721,LIXD5c0lE5
722,olyVui8lHe
724,SKThcG9N8q
726,VgP99sQ5jS
727,xa6ovLs5IM
728,075kbY53c1
745,5cuKF3lL4D
749,8eqtD31y66
752,938jD6Z338
753,c3Ee3W8hyq
766,c8Gl35DPn4
770,EV28POlwE4
787,h0UbH181l8
812,LnVZmUuwc8
825,NZJd9Aq3De
826,odPTXtfS78
840,OPv5PP9Bi4
849,qL6HDg57R9
874,Si4v9635O3
889,stK4H8Vit6
904,t4K5z0e2NZ
924,tlJn3I40bf
939,tyU2s0MBzm
971,X5eS5kvC8h
995,y4Vg256UzB
1002,y5009rpZ12
1030,yB480DNZ70
1046,z1iLCTB32T
1060,50r4Tfl105
1061,5x5fHvFFLv
1071,8d194g9ccT
1081,EWHJMBPf94
1093,s39qS245G2
1097,1kKxS8urAH
1118,4pzSijxuK6
1136,56dTCKdr74
1150,81E41tTtV9
1179,84qYt0yA5y
1186,88Uhb8760x
1205,8csPxY44OZ
1213,ajPRq0Q08b
1285,bcoY3s64sj
1301,DS5ecUMGJi
1314,dvG32rxRzQ
1346,E38It7fjg0
1364,gPaagaJ8aq
1375,Gwk4z777oU
1396,i8f2gg51r5
1428,k3jBd30ocz
1461,l5eh0S53tB
1503,LP15lX652E
1518,mI0bEZaepz
1523,v52MhQAVT9
1527,XTXYl6nJ7J
1534,yf2V5ll9mN
1549,0GlR30c2Mt
1562,0U9x5pNv8t
1586,12M70dm49w
1603,15V4J8fDs3
1608,2AMmebFl86
1616,2J2SH6Fk63
1633,2rSW5fZ50h
1636,517LN52NOL
1643,5a5qA8VLfI
1667,5yasLi1Avt
1682,66Ak255E3j
1697,6jCygPdswz
1724,78t79xOebG
1744,7y5NJZ7S6u
1759,7YX78oEdjZ
1765,9QD9297moO
1779,EfN583275t
1797,Hd9GW3f95j
1816,hqew2E2l61
1821,l8bH01vT7z
1830,UJCeB1hbie
1831,uYf5028a75
1834,XL0eQIoG72
1866,yuB6nxh3FX
1881,02i5jCrfQK
1907,02ZjVTxC34
1914,0KS4yy9G96
1934,1CI7f2R98c
1943,4k3099QrCN
1944,D1VwdFc01t
1951,FrPh305pw8
1957,ftgrG3jT2m
1964,m64Rgy40OF
1979,nxe3l4KD0z
1984,rPj8YeG1I5
1991,s19Mo891H5
2005,saNy7ix5ZY
2021,V2p98HHF6o
2026,vpuUyzUJ0z
2035,Wi92e1D7bp
2046,wY56ZI2gyL
2055,2IaH8665Ha
2070,4NQzySrw2C
2072,5VZLSGPT10
2086,8gH5u019ZH
2103,apCLF0uF21
2117,bt0ZuHaCGY
2140,CZDz8OSRfI
2156,dTIQk6Xt3r
2169,Ij894m7u4j
2171,m58s5oOZCm
2180,MPqJdqnPtc
2200,PE6x6PxZ42
2225,Ru21xRreim
2239,SoEcLAeJi1
2252,UmsZ3gHcg7
2265,X223hIsDU4
2266,X4ZaxfDz3Q
2280,YNGlv7F45C
2299,ZP886G3Z76
2315,11fnXrq9Jf
2334,1bJbgQ32E3
2358,242fhbKRf9
2373,31ApG55XoV
2380,3C1dH8H8v3
2391,45TTYcotWk
2406,4X3016rdOZ
2426,80nlN05JQ6
2447,9EAa0nJjb1
2462,Dmq6441349
2477,e7uv9PqtYY
2481,eD0u9WOep7
2487,EpDb06UO89
2490,f45jOmRd4S
2499,HvghFVBS5v
2515,hwF4tyWU50
2532,IQ98biy227
2564,OS2vxzjz6W
2579,QS4cvQ8w0o
2596,Qwq8d0du28
2628,USdRVl9AOe
2644,276487SwvF
2651,4ajdr1a4Kc
2655,dc35t0IQHq
2658,Dp4If8jfOp
2659,f9PBq9q8jq
2660,IIP2AV0W1Y
2662,qN6WN7C097
2665,3EWyQLUo83
2666,443ptPwtPd
2667,4tR4H9u4Zn
2668,5g8708DBB0
2669,6s8DOcciCW
2671,74ouxlq51o
2672,8MG4r9aMdu
2673,bnNE2RRUsd
2675,HOjPAm59jv
2676,MMecgbY11h
2677,nOkrXE4gnk
2679,oeTCjHG37z
2681,S2KFxgwMsH
2682,TF9ADS4g8k
2684,u004wY493z
2686,w33QZ9Q64W
2687,x64anap2Kz
2689,z2VBXzb65e
2690,12ss7J5ug6
2692,K8b2FfNFdp
2700,Kt1mv62gCP
2707,VHCF3iE0a4
2715,zfYl0YECr0
2721,7rP4RofmNF
2725,B7l5Zfxxu6
2730,C8Uu3Cd2YK
2731,Dl62lXJbK1
2736,eZRzEYP9oJ
2740,h9Tx9ulI5Q
2747,jXc985G8qy
2749,K4IIshw37g
2755,rnOGP59582
2760,YWe8V668Uz
2765,0w8srd7i18
2769,5rwOvj7Gu3
2773,6EjPt2xgrB
2776,9aw67h1Z47
2784,9FFmzviIHD
2788,GD16TzL1x4
2790,P5t2zh16z0
2796,pgHmAyjLe1
2799,pI9Tpj13ty
2806,PRr0oy2KyT
2809,qkmLNnC7YU
2811,R440Y09vu3
2816,tLgc420s9N
2821,Uml72Q91Du
2828,ySs2g6X4Jx
2833,5gtqSDwEt1
2837,68xd8R3v7U
2838,8fyjxTqDpQ
2841,90o991hXMa
2849,B5VRXIQ2Ji
2853,biX0v423q0
2857,D431zXkvuC
2862,Fe9oJAU48c
2867,kh6j72S63h
2870,P5w9xdB3VM
2875,pg8uPBYamG
2882,PSEDQ6XC7U
2887,ub1y4M34bR
2891,wwV3RhdO1l
2894,YEEpIp3429
2896,yG447121nm
2900,2x0Z9q6jD0
2902,45oTz6NVkr
2905,7gJUbn9s1V
2907,Bp1ZMF9Z0G
2908,dD5k5322J5
2910,skGr9HCmqv
2911,5ddRYL0LBA
2913,9NY3vclR8e
2914,cbgx682J78
2918,cua2tdf6zb
2919,dD0vTK3gXD
2925,Dk2tRopWQ3
2929,f1924U65I1
2938,LQDsuDw2tX
2942,XBhl87k165
2945,z2zuhnARi6
2947,DRKr1AyP0r
2948,jxlpSn00qm
2949,o0Q2M0X487
2950,wRE6vq194f
2951,16zN4n2fFO
2956,183ppvOXp8
2962,35F52CG565
2966,41qrfb88lU
2972,5AhC6ORULJ
2977,5SXHhHKGxC
2985,5yM8I4Uut9
2991,a0Q6RZpO47
2993,a47O44klh3
2996,b4NIYojEYn
3003,ck0GIf31rJ
3006,d6MRvZi66J
3010,Gg6mCdOk6I
3012,H5p2L3L4hU
3015,jx1ndu85oq
3020,m9a501e1MM
3025,OW11c44gy1
3028,oXgtQylYoP
3030,R62GeR4qce
3035,vzYx9SZ29x
3039,6pfp3D515O
3040,fTCaypQv7J
3043,h4N48ldyLn
3044,k37lfl6ENf
3045,0u17bw7v7w
3054,3008m5T78s
3058,3k85qY4Y2B
3061,448d2Kv3hw
3066,8FcKH1d6A2
3069,c7A4cZK28M
3074,dVqVsN8nD8
3077,E5GMl7289p
3078,EaUoBdvBdC
3085,EE579r50K3
3088,JrJt3mY6Ls
3090,jw3jOU9C8I
3095,lY4W105RGi
3096,WmIXxzmmD3
3101,XUwJ9E07Zd
3108,YH4M65c5kP
3111,229ciAoz51
3112,63r5Aj4EeB
3115,654Dd1132b
3117,6GOYcFMPF2
3118,7H6yD0xNNn
3120,bw71rBaKg5
3121,c6LS9kDJe1
3123,GrT3u8W8Wm
3124,j09c45Q1NN
3125,L24St09aez
3126,N4Ab8Bvj98
3127,oqL48822V2
3129,Zxu8oS1jJ2
3131,8r7mHkuKX9
3136,eqyJr5jsoU
3139,Exz0X2naK1
3145,K46aEi2Oi7
3148,KiDu7A3iD8
3153,O46hm6g2nf
3158,O4PQ25r2dR
3163,wkQxI30ZH6
3167,XrH5AAPdtj
3173,12ws2Vy47j
3179,5Q69X4zFkC
3180,6d2wZ1x370
3185,i5dD6Xy8jL
3190,ljX78ko847
3196,nybp7zY98z
3200,q1Yar3mIhE
3202,Qb2LYvN3zF
3206,QDsPNlZ5i1
3209,vkQ059OE0u
3211,WD2Q7495E0
3214,YvD7H8XduF
3220,0YvZonpLW8
3227,162lfGskK2
3229,40ARhM4nkF
3232,5S2tY93Oo1
3236,7esK30uHH1
3240,DZXDgO0B3u
3243,e5Ef9RFIF0
3245,h31E235Th5
3248,H4UD7rojkA
3252,hK3QE3xOF8
3254,kKr8NG7YNL
3258,mt4GxUF641
3263,Ud9p3KH6Bv
3265,UO70mRwd30
3267,XHm4u4Y8OU
3269,49kt2kaD8d
3273,7rezIYMwkp
3276,A89Fye6g1o
3280,dq0JPbG008
3282,E97430334J
3285,FD5m13We02
3288,GlZwe88Gzo
3293,gUgPjz2364
3296,SOs6B7rb1m
3299,XT7r2I6hmm
3301,y8U9Hdz4E3
3304,04N6FdP4pd
3306,45euP7C062
3310,46K8Eq75fJ
3312,4EUt9uDfjG
3314,6Kbx2aEeUm
3319,CEA35ELhs4
3322,GBwY1iQUSw
3326,MrZ99Q697y
3335,N1K15JE4tN
3337,NnA4UfdJ5k
3339,p5CPTG2423
3341,PhzyUqi1yE
3343,s3u68VfdSa
3347,Vc0J7iVot4
3351,x47TgqKQDL
3353,xH487WMLoS
3358,0493L6bGa9
3361,0ccXSz8Bk8
3364,0nF0z1401O
3366,46vx97eEK0
3369,6ghrwY35fW
3371,740FTSQ19O
3377,b4WRCgbjkN
3379,GBp6LkJ9VA
3381,l1L9ZwV1KO
3383,QQTAp3k3UP
3390,qvGwtJZv09
3393,R398qG76GC
3397,RajLsf9Q1z
3401,s9O034dIc4
3407,txnqGG764s
3412,xp1bjD93G3
3413,081u59Iq1D
3418,1DlUV9t495
3420,93YVE85s1x
3425,9iQ6dU8Ooj
3429,auW9kr3fh6
3433,BpYaFX7hkQ
3437,Ds3B2dRQo8
3441,i1pw14pRDH
3444,JU5Ms0pxvu
3448,MCA1W52H2T
3453,RwM69ocq8e
3458,t3dx1x27e1
3459,Uv4cSe2ijd
3464,Vu26QoCms4
3468,w5famqnV15
3472,xAI3938h9t
3473,YtB3X13RXe
3476,ZufpT349IL
3477,55jl7IFg3z
3483,562xzTNuI6
3490,6e1627evYc
3494,GVw1FC32GS
3496,i0FfLG15di
3500,merKN5i5Of
3501,OCmTg4ha6w
3504,st945Ucdi6
3508,u08WLS2awz
3510,1793z4bHHR
3515,1wJ0kz1I0l
3517,694Y3fju01
3525,6A16l70g5Q
3538,971l4W5kQs
3545,9Ydzn1ubPe
3551,D4md1bS6DC
3557,dN4g3pRdSO
3564,N6wWxh9CL4
3570,QUcO70Q91P
3575,zBpW3sqPf6
3579,Zl09dc50NB
3584,zUlk9c7UEv
3589,pXs7s2k8Jv
3590,XkcoMK8tfF
3591,zStzz3DlD1
3592,1k3GIfwBw6
3598,3v8ytbUoc6
3602,7tV3w3qB6t
3603,ctVOdq1wnp
3605,DykSLZf35a
3606,F9WJ1RKM4L
3609,hgivhSMgnH
3610,i5Y9A05Ph8
3616,j0D7C5VG29
3620,k4gaj1r2bT
3625,LjgZcY49TV
3631,m5MmtPWHdr
3635,Q0Fp6Da7G1
3638,rE6U5574qn
3646,Rl6LafSUXj
3650,TAw598sUia
3654,zb6H17h1Dc
3657,233EMC2k7k
3659,2kb387yOiG
3666,38a8p8Zl0z
3669,3g1Pl94peh
3670,4u483r4C0S
3672,7cEjwssz1R
3680,7N07jFgyQJ
3683,9Bj19ocQBw
3685,doWQeQ3VZC
3687,jdT9cZAxyb
3691,JL3J46dUrn
3693,rA9d62o2bb
3699,uz40H610bF
3704,W0f661D7Zp
3707,wwSQeRjs22
3712,wz0V4oY4Z2
3714,y2Z0J1858D
3717,Y5XkapASsg
3719,YoXjDl010q
3720,1hQzlO49di
3722,1Nf2932GeH
3724,7a0Ziet39H
3725,7XQtQA55O7
3727,9TvPity5px
3731,a43DzeQWut
3736,Fm7ESoRh9v
3741,lKsX609E6x
3745,o2mSq0vQ50
3747,oWh48s12mR
3749,PrH19Z5q87
3753,PUH9Se529L
3757,PUu32klgfP
3759,S833Nk9r71
3760,Un24RpQEWg
3764,0ZroSLGL09
3769,3Whv9UbPsR
3772,7d9J30iOq8
3775,8mKdvKlPOw
3777,cx5L3UEvoR
3778,k71nQKqIB3
3779,LQm0n9F5e0
3782,Mhc6xUn6X1
3786,O4YDV4XPTd
3790,On0ILT6rt5
3792,oSV25Eb2y9
3795,QjpdTxl6ce
3798,Rz2qkM4015
3800,S7E3jvZbGG
3807,TQ0ahWNcZ9
3809,U50h3ZFmGt
3813,wu58ARZBA2
3815,yA79w15tnU
3818,YgQ57c2glM
3822,5ZR29q8c56
3828,68gXsA3M68
3832,6c2Im3PZdL
3834,7o7172ufx2
3839,8cSO1GK90W
3845,Axp5cwW7T8
3850,D08sSQFrq3
3855,J76B3lyQG9
3859,l0KpN7IKom
3860,LmiEiGqx5x
3864,NX8N2fJ630
3867,OPY2Zd6SNl
3868,SH1cSNDIA8
3873,T4367PFG7C
3877,U9iFacSl34
3882,UEArk7W20r
3889,verm1Wp12u
3897,XGFd357i6u
3901,29U6L12O3k
3903,2HCz3wr27b
3904,42FRuGgL06
3907,8a0vIMw4At
3912,C0qLCIhI0O
3917,cI0EPqbE61
3920,CsX7j87xZ7
3922,DkXJps09H6
3928,E1PaKK3181
3931,e95f4UtF4I
3934,emTkxI1340
3936,EWo6L00OAS
3940,gv1l9iqcam
3945,HujcxU5LVb
3951,JP20cryBg8
3952,N18G8VLF9v
3957,nA15DeLBE1
3959,pVG9cgOpCR
3963,w0FMzJORlK
3964,1iPV6aca5w
3965,66l1WHbu0M
3966,IQQo3367x0
